01_H15,18-Apr-15
02_H15,18-Apr-15
03_H15,18-Apr-15
04_H15,21-Apr-15
05_H15,20-Apr-15
06_H15,21-Apr-15
07_H15,22-Apr-15
08_H15,22-Apr-15
09_H15,23-Apr-15
10_H15,23-Apr-15
100_H15,22-Jun-15
101_H15,20-Jun-15
102_H15,20-Jun-15
103_H15,22-Jun-15
104_H15,24-Jun-15
105_H15,24-Jun-15
106_H15,25-Jun-15
107_H15,25-Jun-15
108_H15,25-Jun-15
109_H15,26-Jun-15
11_H15,23-Apr-15
110_H15,26-Jun-15
111_H15,27-Jun-15
112_H15,27-Jun-15
113_H15,29-Jun-15
114_H15,29-Jun-15
115_H15,30-Jun-15
116_H15,1-Jul-15
117_H15,1-Jul-15
118_H15,1-Jul-15
119_H15,3-Jul-15
12_H15,24-Apr-15
120_H15,2-Jul-15
121_H15,2-Jul-15
122_H15,3-Jul-15
123_H15,7-Jul-15
124_H15,7-Jul-15
125_H15,6-Jul-15
126_H15,8-Jul-15
127_H15,7-Jul-15
128_H15,9-Jul-15
129_H15,9-Jul-15
13_H15,24-Apr-15
130_H15,10-Jul-15
131_H15,10-Jul-15
132_H15,11-Jul-15
133_H15,14-Jul-15
134_H15,13-Jul-15
135_H15,12-Jul-15
136_H15,14-Jul-15
137_H15,14-Jul-15
138_H15,15-Jul-15
139_H15,16-Jul-15
14_H15,24-Apr-15
140_H15,15-Jul-15
141_H15,16-Jul-15
142_H15,16-Jul-15
143_H15,18-Jul-15
144_H15,20-Jul-15
145_H15,20-Jul-15
146_H15,21-Jul-15
147_H15,21-Jul-15
148_H15,22-Jul-15
149_H15,23-Jul-15
15_H15,25-Apr-15
150_H15,23-Jul-15
151_H15,24-Jul-15
152_H15,24-Jul-15
153_H15,28-Jul-15
154_H15,28-Jul-15
155_H15,28-Jul-15
156_H15,29-Jul-15
157_H15,29-Jul-15
158_H15,30-Jul-15
159_H15,30-Jul-15
16_H15,28-Apr-15
160_H15,31-Jul-15
161_H15,1-Aug-15
162_H15,31-Jul-15
163_H15,1-Aug-15
164_H15,1-Aug-15
165_H15,5-Aug-15
166_H15,6-Aug-15
167_H15,4-Aug-15
168_H15,6-Aug-15
169_H15,5-Aug-15
17_H15,27-Apr-15
170_H15,7-Aug-15
171_H15,7-Aug-15
172_H15,7-Aug-15
173_H15,8-Aug-15
174_H15,8-Aug-15
175_H15,1-Aug-15
176_H15,1-Aug-15
177_H15,1-Aug-15
178_H15,1-Aug-15
179_H15,1-Aug-15
18_H15,28-Apr-15
180_H15,8-Aug-15
19_H15,29-Apr-15
20_H15,29-Apr-15
21_H15,30-Apr-15
22_H15,30-Apr-15
23_H15,2-May-15
24_H15,4-May-15
25_H15,2-May-15
26_H15,4-May-15
27_H15,5-May-15
28_H15,5-May-15
29_H15,5-May-15
30_H15,6-May-15
31_H15,6-May-15
32_H15,6-May-15
33_H15,8-May-15
34_H15,7-May-15
35_H15,7-May-15
36_H15,8-May-15
37_H15,8-May-15
38_H15,9-May-15
39_H15,9-May-15
40_H15,11-May-15
41_H15,11-May-15
42_H15,12-May-15
43_H15,12-May-15
44_H15,12-May-15
45_H15,15-May-15
46_H15,15-May-15
47_H15,18-May-15
48_H15,18-May-15
49_H15,18-May-15
50_H15,18-May-15
51_H15,19-May-15
52_H15,19-May-15
53_H15,19-May-15
54_H15,19-May-15
55_H15,19-May-15
56_H15,19-May-15
57_H15,19-May-15
58_H15,21-May-15
59_H15,21-May-15
60_H15,21-May-15
61_H15,22-May-15
62_H15,22-May-15
63_H15,23-May-15
64_H15,23-May-15
65_H15,23-May-15
66_H15,26-May-15
67_H15,26-May-15
68_H15,26-May-15
69_H15,27-May-15
70_H15,28-May-15
71_H15,27-May-15
72_H15,29-May-15
73_H15,29-May-15
74_H15,29-May-15
75_H15,29-May-15
76_H15,1-Jun-15
77_H15,30-May-15
78_H15,4-Jun-15
79_H15,3-Jun-15
80_H15,2-Jun-15
81_H15,3-Jun-15
82_H15,4-Jun-15
83_H15,5-Jun-15
84_H15,6-Jun-15
85_H15,6-Jun-15
86_H15,8-Jun-15
87_H15,8-Jun-15
88_H15,10-Jun-15
89_H15,11-Jun-15
90_H15,10-Jun-15
91_H15,13-Jun-15
92_H15,13-Jun-15
93_H15,13-Jun-15
94_H15,16-Jun-15
95_H15,16-Jun-15
96_H15,16-Jun-15
97_H15,17-Jun-15
98_H15,17-Jun-15
99_H15,17-Jun-15
